timestamp,prompt,used_emotions,generated,target_words,temperature,mode,max_words,model,top_k
2025-10-08T02:25:28.289372,My dog died.,grief,"Here are some things that you can do to help your dog's death. You can start by saying, ""My dog died."" Don't be afraid to ask questions about your pet's death, but don't be shy about asking questions about how your dog died and how you're dealing with the loss of a loved one. You can also ask questions about what happened to your dog, such as: What happened to your cat? What did you do to your dog? How did your dog die?",200.0,0.5,Paragraph,,,
2025-10-07T20:13:09.985555,i am sad that my dog died.,sadness,"Here are some things that you can do to make your dog feel better about the loss of his life. You can do this by asking the user if he or she is sad about the death of their dog. You can also ask if the user has a specific reason why they are sad about the dog's death. You can ask if there are any other ways you can help the user feel better about his or her dog's loss. You can start by asking if there is anything else you can do for the user. You can then move on to the next question by asking a simple question like, ""Is my dog still alive?"" or ""Is there anything else I can do for him?"".",200.0,0.5,Essay,,,
2025-10-07T20:10:50.066421,i am very sad that my dog died,sadness,"Here are some things that you can do to make your dog feel better about the loss of his life. You can start by saying, ""I'm so sorry for the loss of my dog. It's a very sad time for me. I wish I could be there for him. He's my best friend. I miss him so much. I'd love to be able to see him again. Thank you for your help. I'll be praying for him.",200.0,0.5,Paragraph,,,
Write a sentence that is about the person who failed the interview.,,,,,,,,,
Write a sentence that is about the person who failed the interview.,,,,,,,,,
Write a sentence that is about the person who failed the interview.,,,,,,,,,
Write a sentence that is about the person who failed the interview.,,,,,,,,,
Write a sentence that is about the person who failed the interview.,,,,,,,,,
Write a sentence that is about the person who failed the interview.,,,,,,,,,
Write a sentence that is about the person who failed the interview.,,,,,,,,,
Write a sentence that is about the person who failed the interview.,,,,,,,,,
Write a sentence that is about the person who failed the interview.,,,,,,,,,
Write a sentence that is about the person who failed the interview.,,,,,,,,,
Write a sentence that is about the person who failed the interview.,,,,,,,,,
Write a sentence that is about the person who failed the interview.,,,,,,,,,
2025-10-07T17:03:46.434869,A message to a friend who failed an interview.,disappointment,A message to a friend who failed an interview.,,0.9,,0.6,200.0,
2025-10-07T18:15:04.361195,A message to a friend who failed an interview.,disappointment,Message to a friend who failed an interview. I'm sorry to hear that. I hope you have a great day and that you'll be able to find a new job soon. Thank you for your support. :-))),,0.9,,0.6,200.0,
2025-10-07T18:16:40.389593,Explain why the traffic jam keeps happening in our city.,annoyance,I'd like to explain why traffic jams are happening in our city. I'm trying to figure out why the traffic is so bad. Is there anything I can do about it? Is it a traffic jam or a congestion? I'll be happy to help.,,0.9,,0.6,200.0,
2025-10-07T18:17:27.230769,Share the excitement of discovering an old map in the attic.,excitement,I'm so excited to find an old map in the attic. I can't wait to share it with my family. I've been looking for it for years. I love it. It's a great way to spend a Saturday night.,,0.9,,0.6,200.0,
2025-10-07T18:20:08.669338,Share the excitement of discovering an old map in the attic.,excitement|love|optimism|pride|realization,I'm so excited to find an old map in the attic. I can't wait to share it with you. I've been looking for it for a long time and it's a great find. It's been a while since we've had a chance to look at it.,,0.9,,0.6,200.0,
2025-10-07T18:30:06.312131,I am not able to learn new skills and cant do coding on my own,disappointment,"I'm not able to learn new skills and can't do coding on my own. I've been trying for a year and a half, but I cant do it. Can you help me out? I'd love to help you out.",,0.9,,0.6,200.0,
2025-10-07T18:30:50.048848,I am not able to learn new skills and cant do coding on my own any tips for me ,disappointment,I'm not able to learn new skills and can't do coding on my own. Any tips for me? I'd like to learn a few things. I've been struggling with coding for a while now and I need some help.,,0.9,,0.6,200.0,
2025-10-07T18:36:26.154086,I am not able to learn new skills and cant do coding on my own any tips for me ,disappointment,"I am not able to learn new skills and cant do coding on my own any tips for me. I am a helpful person who listens to teh question asked and gives **practical, encouraging advice** on how to improve. Avoid repeating the question, and instead give clear, helpful answer.",,0.9,,0.6,200.0,
2025-10-07T18:50:34.548519,I am not able to learn new skills and cant do coding on my own any tips for me?,confusion,Here are a few things that will help: - I can't learn new skills and cant do coding on my own any tips for me? - You are not able to learn any new skills or cant code on your own. -,,0.9,,0.6,200.0,
